{
  "controller/App-dbg.controller.js": 1614972942269,
  "model/formatter.js": 1614972942273,
  "model/models.js": 1614972942273,
  "manifest.json": 1615488468604,
  "controller/Worklist.controller.js": 1614972942269,
  "controller/Object.controller.js": 1614972942269,
  "controller/NotFound.controller.js": 1614972942269,
  "controller/ErrorHandler.js": 1614972942269,
  "controller/BaseController.js": 1614972942269,
  "controller/App.controller.js": 1614972942269,
  "Component.js": 1614972942269,
  "manifest-bundle.zip": 1615488468299,
  "Component-preload.js": 1615488468548,
  "controller/BaseController-dbg.js": 1614972942269,
  "model/formatter-dbg.js": 1614972942273,
  "controller/Worklist-dbg.controller.js": 1614972942269,
  "controller/Object-dbg.controller.js": 1614972942269,
  "controller/NotFound-dbg.controller.js": 1614972942269,
  "controller/ErrorHandler-dbg.js": 1614972942269,
  "model/models-dbg.js": 1614972942273,
  "i18n/i18n.properties": 1614988542307,
  "Component-dbg.js": 1614972942269,
  "resources.json": 1615488468607,
  "view/Worklist.view.xml": 1614988542307,
  "view/ObjectNotFound.view.xml": 1614972942281,
  "view/Object.view.xml": 1614988542307,
  "view/NotFound.view.xml": 1614972942281,
  "view/App.view.xml": 1614988542279,
  "test.html": 1614972942273,
  "index.html": 1614972942269
}